MG-2-F1;MG-3-F1;MG-5-F1;MG-7-F1;LF-1-F1;LF-2-F1;LF-4-F1;LF-6-F1;MEc-3-F1;MEc-4-F1;MEc-5-F1;MEc-6-F1;MG-1-F2;MG-4-F2;MG-6-F2;MG-7-F2;LF-2-F2;LF-3-F2;LF-6-F2;LF-8-F2;MEc-2-F2;MEc-3-F2;MEc-4-F2;MEc-8-F2;MG-1-F4;MG-3-F4;MG-5-F4;MG-6-F4;LF-1-F4;LF-3-F4;LF-5-F4;LF-7-F4;MEc-2-F4;MEc-3-F4;MEc-4-F4;MEc-7-F4
insA5;crl;insA5;ada;frdD;aer;frdD;alsC;fimA;fimA;fimH;fimA;Error;Error;NA;rpsL;blc;blc;blc;blc;dgcT;AKMEOI_05110;AKMEOI_06935;aer;crl;crl;rpsL;insA5;blc;blc;blc;blc;dgcN;fepC;AKMEOI_04910;malT
insB5;insA5;insB5;alkB;LF82_RS07965;arnA;LF82_RS07280;arnA;galK;rfaJ;;rfaJ;;;;;cadC;cadC;cadC;gcvP;galT;galT;AKMEOI_06940;AKMEOI_06510;insA5;insA5;;insB5;gcvP;gcvP;gcvP;gcvP;waaO;galK;AKMEOI_05100;
ompC;insA9;ompC;ccmA;;bluF;ycaC;aspS;galT;;;;;;;;gcvP;gcvP;gcvP;LF82_RS07280;malK;malK;AKMEOI_06945;alkB;insA9;insA9;;rpsL;LF82_RS07280;LF82_RS07280;LF82_RS07280;LF82_RS07280;;galM;AKMEOI_06935;
rpsL;insB5;rpsL;ccmB;;chbC;;bamD;modF;;;;;;;;LF82_RS07280;LF82_RS07280;LF82_RS07280;rpsL;malT;malT;AKMEOI_06950;bglB;insB5;insB5;;;rpsL;rpsL;rpsL;rpsL;;galT;AKMEOI_07015;
;insB9;;ccmC;;cspF;;bcsA;;;;;;;;;rpsL;rpsL;LF82_RS07965;ycaC;mglC;mutL;AKMEOI_06960;dauA;insB9;insB9;;;ycaC;ycaC;ycaC;speFL;;malT;AKMEOI_07120;
;ompR;;ccmD;;dgoR;;bcsB;;;;;;;;;ycaC;ycaC;pinQ;yedI;miaA;ompR;AKMEOI_06970;gcvP;rpsL;rpsL;;;yedI;yedI;yedI;ycaC;;ompC;AKMEOI_07155;
;rpsL;;ccmE;;dicB;;bglB;;;;;;;;;yedI;yedI;rpsL;;mutL;rfaY;AKMEOI_06975;malK;;;;;;;;yedI;;;AKMEOI_07160;
;;;ccmF;;eamA;;bglG;;;;;;;;;;;ycaC;;ompR;rplC;AKMEOI_06985;malT;;;;;;;;;;;dicB;
;;;ccmG;;frdD;;bluF;;;;;;;;;;;yedI;;treR;sitA;AKMEOI_06995;mutL;;;;;;;;;;;intQ;
;;;ccmH;;ftsX;;chbC;;;;;;;;;;;;;;treR;AKMEOI_07005;nagE;;;;;;;;;;;malT;
;;;crl;;lacA;;cmtA;;;;;;;;;;;;;;;AKMEOI_07015;ompR;;;;;;;;;;;pinR;
;;;eco;;ldtB;;cspB;;;;;;;;;;;;;;;AKMEOI_07120;rfaJ;;;;;;;;;;;sitA;
;;;ftp;;LF82_RS04835;;cspF;;;;;;;;;;;;;;;AKMEOI_07155;roxA;;;;;;;;;;;ybcV;
;;;insA5;;LF82_RS04840;;cyaA;;;;;;;;;;;;;;;AKMEOI_07160;treR;;;;;;;;;;;ydaF;
;;;insA9;;LF82_RS04845;;dgcE;;;;;;;;;;;;;;;clpP;xdhA;;;;;;;;;;;ykgG;
;;;insB5;;LF82_RS04850;;dicB;;;;;;;;;;;;;;;cspB;;;;;;;;;;;;ynfR;
;;;insB9;;LF82_RS04890;;dppB;;;;;;;;;;;;;;;cspF;;;;;;;;;;;;;
;;;micF;;LF82_RS04895;;dtpB;;;;;;;;;;;;;;;dicB;;;;;;;;;;;;;
;;;mqo;;LF82_RS04900;;eamA;;;;;;;;;;;;;;;galT;;;;;;;;;;;;;
;;;napA;;LF82_RS04905;;fhuA;;;;;;;;;;;;;;;gnsB;;;;;;;;;;;;;
;;;napB;;LF82_RS04990;;fhuF;;;;;;;;;;;;;;;intQ;;;;;;;;;;;;;
;;;napC;;LF82_RS05035;;fimH;;;;;;;;;;;;;;;malT;;;;;;;;;;;;;
;;;napD;;LF82_RS06010;;fliD;;;;;;;;;;;;;;;mglC;;;;;;;;;;;;;
;;;napF;;LF82_RS06065;;fliF;;;;;;;;;;;;;;;mutL;;;;;;;;;;;;;
;;;napG;;LF82_RS07280;;frdD;;;;;;;;;;;;;;;nagE;;;;;;;;;;;;;
;;;napH;;LF82_RS07515;;ftsX;;;;;;;;;;;;;;;ompR;;;;;;;;;;;;;
;;;narP;;LF82_RS07965;;gatB;;;;;;;;;;;;;;;pinR;;;;;;;;;;;;;
;;;ompC;;LF82_RS07980;;glk;;;;;;;;;;;;;;;quuQ;;;;;;;;;;;;;
;;;rcsD;;LF82_RS07990;;gnsB;;;;;;;;;;;;;;;treR;;;;;;;;;;;;;
;;;rpsL;;LF82_RS08000;;gsiB;;;;;;;;;;;;;;;ybcV;;;;;;;;;;;;;
;;;yejO;;LF82_RS08015;;gudX;;;;;;;;;;;;;;;ydaF;;;;;;;;;;;;;
;;;yojI;;LF82_RS08155;;helD;;;;;;;;;;;;;;;ydfR;;;;;;;;;;;;;
;;;yojO;;LF82_RS08200;;hypB;;;;;;;;;;;;;;;ydfU;;;;;;;;;;;;;
;;;;;LF82_RS25920;;iaaA;;;;;;;;;;;;;;;yjdB;;;;;;;;;;;;;
;;;;;nimR;;ilvC;;;;;;;;;;;;;;;ynfR;;;;;;;;;;;;;
;;;;;pdeI;;irp1;;;;;;;;;;;;;;;;;;;;;;;;;;;;
;;;;;prpB;;irp2;;;;;;;;;;;;;;;;;;;;;;;;;;;;
;;;;;rtcR;;lacA;;;;;;;;;;;;;;;;;;;;;;;;;;;;
;;;;;ybjT;;ldtB;;;;;;;;;;;;;;;;;;;;;;;;;;;;
;;;;;ycaC;;LF82_RS01245;;;;;;;;;;;;;;;;;;;;;;;;;;;;
;;;;;ycjN;;LF82_RS04775;;;;;;;;;;;;;;;;;;;;;;;;;;;;
;;;;;ydfD;;LF82_RS04825;;;;;;;;;;;;;;;;;;;;;;;;;;;;
;;;;;ydfR;;LF82_RS04835;;;;;;;;;;;;;;;;;;;;;;;;;;;;
;;;;;ydfT;;LF82_RS04840;;;;;;;;;;;;;;;;;;;;;;;;;;;;
;;;;;ydfU;;LF82_RS04845;;;;;;;;;;;;;;;;;;;;;;;;;;;;
;;;;;ygjG;;LF82_RS04850;;;;;;;;;;;;;;;;;;;;;;;;;;;;
;;;;;yhiM;;LF82_RS04870;;;;;;;;;;;;;;;;;;;;;;;;;;;;
;;;;;;;LF82_RS04890;;;;;;;;;;;;;;;;;;;;;;;;;;;;
;;;;;;;LF82_RS04895;;;;;;;;;;;;;;;;;;;;;;;;;;;;
;;;;;;;LF82_RS04900;;;;;;;;;;;;;;;;;;;;;;;;;;;;
;;;;;;;LF82_RS04905;;;;;;;;;;;;;;;;;;;;;;;;;;;;
;;;;;;;LF82_RS04925;;;;;;;;;;;;;;;;;;;;;;;;;;;;
;;;;;;;LF82_RS04945;;;;;;;;;;;;;;;;;;;;;;;;;;;;
;;;;;;;LF82_RS04990;;;;;;;;;;;;;;;;;;;;;;;;;;;;
;;;;;;;LF82_RS05000;;;;;;;;;;;;;;;;;;;;;;;;;;;;
;;;;;;;LF82_RS05035;;;;;;;;;;;;;;;;;;;;;;;;;;;;
;;;;;;;LF82_RS06010;;;;;;;;;;;;;;;;;;;;;;;;;;;;
;;;;;;;LF82_RS06065;;;;;;;;;;;;;;;;;;;;;;;;;;;;
;;;;;;;LF82_RS06330;;;;;;;;;;;;;;;;;;;;;;;;;;;;
;;;;;;;LF82_RS06540;;;;;;;;;;;;;;;;;;;;;;;;;;;;
;;;;;;;LF82_RS07280;;;;;;;;;;;;;;;;;;;;;;;;;;;;
;;;;;;;LF82_RS07515;;;;;;;;;;;;;;;;;;;;;;;;;;;;
;;;;;;;LF82_RS07945;;;;;;;;;;;;;;;;;;;;;;;;;;;;
;;;;;;;LF82_RS07960;;;;;;;;;;;;;;;;;;;;;;;;;;;;
;;;;;;;LF82_RS07965;;;;;;;;;;;;;;;;;;;;;;;;;;;;
;;;;;;;LF82_RS07970;;;;;;;;;;;;;;;;;;;;;;;;;;;;
;;;;;;;LF82_RS07975;;;;;;;;;;;;;;;;;;;;;;;;;;;;
;;;;;;;LF82_RS07980;;;;;;;;;;;;;;;;;;;;;;;;;;;;
;;;;;;;LF82_RS07985;;;;;;;;;;;;;;;;;;;;;;;;;;;;
;;;;;;;LF82_RS07990;;;;;;;;;;;;;;;;;;;;;;;;;;;;
;;;;;;;LF82_RS08000;;;;;;;;;;;;;;;;;;;;;;;;;;;;
;;;;;;;LF82_RS08005;;;;;;;;;;;;;;;;;;;;;;;;;;;;
;;;;;;;LF82_RS08010;;;;;;;;;;;;;;;;;;;;;;;;;;;;
;;;;;;;LF82_RS08015;;;;;;;;;;;;;;;;;;;;;;;;;;;;
;;;;;;;LF82_RS08025;;;;;;;;;;;;;;;;;;;;;;;;;;;;
;;;;;;;LF82_RS08030;;;;;;;;;;;;;;;;;;;;;;;;;;;;
;;;;;;;LF82_RS08035;;;;;;;;;;;;;;;;;;;;;;;;;;;;
;;;;;;;LF82_RS08045;;;;;;;;;;;;;;;;;;;;;;;;;;;;
;;;;;;;LF82_RS08065;;;;;;;;;;;;;;;;;;;;;;;;;;;;
;;;;;;;LF82_RS08155;;;;;;;;;;;;;;;;;;;;;;;;;;;;
;;;;;;;LF82_RS08200;;;;;;;;;;;;;;;;;;;;;;;;;;;;
;;;;;;;LF82_RS08210;;;;;;;;;;;;;;;;;;;;;;;;;;;;
;;;;;;;LF82_RS10195;;;;;;;;;;;;;;;;;;;;;;;;;;;;
;;;;;;;LF82_RS10440;;;;;;;;;;;;;;;;;;;;;;;;;;;;
;;;;;;;LF82_RS11020;;;;;;;;;;;;;;;;;;;;;;;;;;;;
;;;;;;;LF82_RS11145;;;;;;;;;;;;;;;;;;;;;;;;;;;;
;;;;;;;LF82_RS11735;;;;;;;;;;;;;;;;;;;;;;;;;;;;
;;;;;;;LF82_RS12260;;;;;;;;;;;;;;;;;;;;;;;;;;;;
;;;;;;;LF82_RS12285;;;;;;;;;;;;;;;;;;;;;;;;;;;;
;;;;;;;LF82_RS14385;;;;;;;;;;;;;;;;;;;;;;;;;;;;
;;;;;;;LF82_RS15425;;;;;;;;;;;;;;;;;;;;;;;;;;;;
;;;;;;;LF82_RS15835;;;;;;;;;;;;;;;;;;;;;;;;;;;;
;;;;;;;LF82_RS22090;;;;;;;;;;;;;;;;;;;;;;;;;;;;
