MG-1-F1;MG-4-F1;MG-6-F1;MG-7-F1;LF-1-F1;LF-2-F1;LF-4-F1;LF-5-F1;MEc-2-F1;MEc-4-F1;MEc-5-F1;MEc-6-F1;MG-1-F2;MG-2-F2;MG-5-F2;MG-8-F2;LF-1-F2;LF-3-F2;LF-4-F2;LF-7-F2;MEc-1-F2;MEc-2-F2;MEc-3-F2;MEc-6-F2;MG-1-F4;MG-3-F4;MG-5-F4;MG-7-F4;LF-1-F4;LF-3-F4;LF-6-F4;LF-8-F4;MEc-1-F4;MEc-2-F4;MEc-7-F4;MEc-8-F4
QQHGOMVM_CDS_0009;QQHGOMVM_CDS_0009;QQHGOMVM_CDS_0009;QQHGOMVM_CDS_0009;QQHGOMVM_CDS_0046;QQHGOMVM_CDS_0015;QQHGOMVM_CDS_0010;QQHGOMVM_CDS_0010;QQHGOMVM_CDS_0039;QQHGOMVM_CDS_0060;Error;QQHGOMVM_CDS_0046;QQHGOMVM_CDS_0015;QQHGOMVM_CDS_0039;QQHGOMVM_CDS_0039;QQHGOMVM_CDS_0039;QQHGOMVM_CDS_0039;Error;QQHGOMVM_CDS_0039;QQHGOMVM_CDS_0039;QQHGOMVM_CDS_0046;QQHGOMVM_CDS_0039;QQHGOMVM_CDS_0039;QQHGOMVM_CDS_0042;QQHGOMVM_CDS_0046;Error;QQHGOMVM_CDS_0046;QQHGOMVM_CDS_0046;QQHGOMVM_CDS_0039;QQHGOMVM_CDS_0039;QQHGOMVM_CDS_0046;QQHGOMVM_CDS_0088;QQHGOMVM_CDS_0046;QQHGOMVM_CDS_0010;QQHGOMVM_CDS_0045;QQHGOMVM_CDS_0046
QQHGOMVM_CDS_0010;QQHGOMVM_CDS_0010;QQHGOMVM_CDS_0010;QQHGOMVM_CDS_0010;QQHGOMVM_CDS_0088;QQHGOMVM_CDS_0016;QQHGOMVM_CDS_0039;QQHGOMVM_CDS_0015;QQHGOMVM_CDS_0088;QQHGOMVM_CDS_0091;;QQHGOMVM_CDS_0060;QQHGOMVM_CDS_0016;QQHGOMVM_CDS_0042;QQHGOMVM_CDS_0042;QQHGOMVM_CDS_0042;QQHGOMVM_CDS_0046;;QQHGOMVM_CDS_0046;QQHGOMVM_CDS_0046;;QQHGOMVM_CDS_0042;QQHGOMVM_CDS_0042;QQHGOMVM_CDS_0046;QQHGOMVM_CDS_0052;;QQHGOMVM_CDS_0060;QQHGOMVM_CDS_0060;QQHGOMVM_CDS_0067;QQHGOMVM_CDS_0046;QQHGOMVM_CDS_0088;QQHGOMVM_CDS_0090;QQHGOMVM_CDS_0062;QQHGOMVM_CDS_0046;QQHGOMVM_CDS_0046;QQHGOMVM_CDS_0072
QQHGOMVM_CDS_0040;QQHGOMVM_CDS_0040;QQHGOMVM_CDS_0017;QQHGOMVM_CDS_0017;QQHGOMVM_CDS_0090;QQHGOMVM_CDS_0017;QQHGOMVM_CDS_0046;QQHGOMVM_CDS_0016;;;;QQHGOMVM_CDS_0088;QQHGOMVM_CDS_0037;QQHGOMVM_CDS_0046;QQHGOMVM_CDS_0046;QQHGOMVM_CDS_0046;QQHGOMVM_CDS_0088;;QQHGOMVM_CDS_0048;QQHGOMVM_CDS_0088;;QQHGOMVM_CDS_0046;QQHGOMVM_CDS_0045;QQHGOMVM_CDS_0071;QQHGOMVM_CDS_0060;;QQHGOMVM_CDS_0072;QQHGOMVM_CDS_0072;QQHGOMVM_CDS_0088;QQHGOMVM_CDS_0088;QQHGOMVM_CDS_0090;QQHGOMVM_CDS_0102;QQHGOMVM_CDS_0070;QQHGOMVM_CDS_0072;QQHGOMVM_CDS_0062;
QQHGOMVM_CDS_0042;QQHGOMVM_CDS_0042;QQHGOMVM_CDS_0018;QQHGOMVM_CDS_0018;QQHGOMVM_CDS_0129;QQHGOMVM_CDS_0039;QQHGOMVM_CDS_0088;QQHGOMVM_CDS_0017;;;;QQHGOMVM_CDS_0090;QQHGOMVM_CDS_0039;QQHGOMVM_CDS_0057;QQHGOMVM_CDS_0088;QQHGOMVM_CDS_0057;;;QQHGOMVM_CDS_0063;QQHGOMVM_CDS_0129;;QQHGOMVM_CDS_0051;QQHGOMVM_CDS_0046;QQHGOMVM_CDS_0088;QQHGOMVM_CDS_0072;;QQHGOMVM_CDS_0088;QQHGOMVM_CDS_0088;QQHGOMVM_CDS_0090;QQHGOMVM_CDS_0090;QQHGOMVM_CDS_0129;QQHGOMVM_CDS_0129;QQHGOMVM_CDS_0072;QQHGOMVM_CDS_0091;QQHGOMVM_CDS_0072;
QQHGOMVM_CDS_0043;QQHGOMVM_CDS_0043;QQHGOMVM_CDS_0039;QQHGOMVM_CDS_0023;;QQHGOMVM_CDS_0046;QQHGOMVM_CDS_0090;QQHGOMVM_CDS_0039;;;;;QQHGOMVM_CDS_0046;QQHGOMVM_CDS_0062;QQHGOMVM_CDS_0090;QQHGOMVM_CDS_0062;;;QQHGOMVM_CDS_0065;;;QQHGOMVM_CDS_0062;QQHGOMVM_CDS_0062;QQHGOMVM_CDS_0093;QQHGOMVM_CDS_0088;;QQHGOMVM_CDS_0090;QQHGOMVM_CDS_0090;QQHGOMVM_CDS_0094;QQHGOMVM_CDS_0093;;;QQHGOMVM_CDS_0088;QQHGOMVM_CDS_0126;QQHGOMVM_CDS_0088;
QQHGOMVM_CDS_0046;QQHGOMVM_CDS_0046;QQHGOMVM_CDS_0040;QQHGOMVM_CDS_0039;;QQHGOMVM_CDS_0088;QQHGOMVM_CDS_0129;QQHGOMVM_CDS_0046;;;;;QQHGOMVM_CDS_0052;QQHGOMVM_CDS_0071;QQHGOMVM_CDS_0091;QQHGOMVM_CDS_0071;;;QQHGOMVM_CDS_0088;;;QQHGOMVM_CDS_0071;QQHGOMVM_CDS_0071;;QQHGOMVM_CDS_0090;;QQHGOMVM_CDS_0091;QQHGOMVM_CDS_0091;QQHGOMVM_CDS_0129;QQHGOMVM_CDS_0125;;;QQHGOMVM_CDS_0090;;QQHGOMVM_CDS_0090;
QQHGOMVM_CDS_0052;QQHGOMVM_CDS_0052;QQHGOMVM_CDS_0042;QQHGOMVM_CDS_0040;;QQHGOMVM_CDS_0090;;QQHGOMVM_CDS_0088;;;;;QQHGOMVM_CDS_0088;QQHGOMVM_CDS_0088;QQHGOMVM_CDS_0093;QQHGOMVM_CDS_0088;;;QQHGOMVM_CDS_0090;;;QQHGOMVM_CDS_0088;QQHGOMVM_CDS_0072;;QQHGOMVM_CDS_0091;;QQHGOMVM_CDS_0094;QQHGOMVM_CDS_0094;;QQHGOMVM_CDS_0129;;;QQHGOMVM_CDS_0094;;QQHGOMVM_CDS_0117;
QQHGOMVM_CDS_0055;QQHGOMVM_CDS_0055;QQHGOMVM_CDS_0043;QQHGOMVM_CDS_0042;;QQHGOMVM_CDS_0129;;QQHGOMVM_CDS_0090;;;;;QQHGOMVM_CDS_0091;QQHGOMVM_CDS_0091;;QQHGOMVM_CDS_0090;;;QQHGOMVM_CDS_0129;;;QQHGOMVM_CDS_0091;;;QQHGOMVM_CDS_0117;;QQHGOMVM_CDS_0117;QQHGOMVM_CDS_0117;;;;;QQHGOMVM_CDS_0109;;QQHGOMVM_CDS_0124;
QQHGOMVM_CDS_0061;QQHGOMVM_CDS_0061;QQHGOMVM_CDS_0046;QQHGOMVM_CDS_0043;;;;QQHGOMVM_CDS_0106;;;;;;QQHGOMVM_CDS_0093;;QQHGOMVM_CDS_0091;;;;;;QQHGOMVM_CDS_0093;;;QQHGOMVM_CDS_0124;;QQHGOMVM_CDS_0124;QQHGOMVM_CDS_0124;;;;;QQHGOMVM_CDS_0117;;;
QQHGOMVM_CDS_0070;QQHGOMVM_CDS_0070;QQHGOMVM_CDS_0052;QQHGOMVM_CDS_0046;;;;QQHGOMVM_CDS_0129;;;;;;QQHGOMVM_CDS_0099;;QQHGOMVM_CDS_0093;;;;;;QQHGOMVM_CDS_0117;;;;;;;;;;;QQHGOMVM_CDS_0121;;;
QQHGOMVM_CDS_0072;QQHGOMVM_CDS_0072;QQHGOMVM_CDS_0055;QQHGOMVM_CDS_0052;;;;;;;;;;QQHGOMVM_CDS_0117;;QQHGOMVM_CDS_0099;;;;;;QQHGOMVM_CDS_0118;;;;;;;;;;;QQHGOMVM_CDS_0124;;;
QQHGOMVM_CDS_0088;QQHGOMVM_CDS_0088;QQHGOMVM_CDS_0061;QQHGOMVM_CDS_0055;;;;;;;;;;QQHGOMVM_CDS_0118;;QQHGOMVM_CDS_0109;;;;;;QQHGOMVM_tRNA_0001;;;;;;;;;;;;;;
QQHGOMVM_CDS_0090;QQHGOMVM_CDS_0090;QQHGOMVM_CDS_0070;QQHGOMVM_CDS_0061;;;;;;;;;;QQHGOMVM_tRNA_0001;;QQHGOMVM_CDS_0117;;;;;;QQHGOMVM_tRNA_0002;;;;;;;;;;;;;;
QQHGOMVM_CDS_0091;QQHGOMVM_CDS_0091;QQHGOMVM_CDS_0072;QQHGOMVM_CDS_0067;;;;;;;;;;QQHGOMVM_tRNA_0002;;QQHGOMVM_CDS_0118;;;;;;QQHGOMVM_tRNA_0003;;;;;;;;;;;;;;
QQHGOMVM_CDS_0093;QQHGOMVM_CDS_0093;QQHGOMVM_CDS_0088;QQHGOMVM_CDS_0070;;;;;;;;;;QQHGOMVM_tRNA_0003;;QQHGOMVM_tRNA_0001;;;;;;QQHGOMVM_tRNA_0004;;;;;;;;;;;;;;
QQHGOMVM_CDS_0094;QQHGOMVM_CDS_0094;QQHGOMVM_CDS_0090;QQHGOMVM_CDS_0072;;;;;;;;;;QQHGOMVM_tRNA_0004;;QQHGOMVM_tRNA_0002;;;;;;QQHGOMVM_tRNA_0005;;;;;;;;;;;;;;
QQHGOMVM_CDS_0100;QQHGOMVM_CDS_0100;QQHGOMVM_CDS_0091;QQHGOMVM_CDS_0086;;;;;;;;;;QQHGOMVM_tRNA_0005;;QQHGOMVM_tRNA_0003;;;;;;QQHGOMVM_tRNA_0006;;;;;;;;;;;;;;
QQHGOMVM_CDS_0103;QQHGOMVM_CDS_0103;QQHGOMVM_CDS_0093;QQHGOMVM_CDS_0088;;;;;;;;;;QQHGOMVM_tRNA_0006;;QQHGOMVM_tRNA_0004;;;;;;;;;;;;;;;;;;;;
QQHGOMVM_CDS_0104;QQHGOMVM_CDS_0104;QQHGOMVM_CDS_0094;QQHGOMVM_CDS_0090;;;;;;;;;;;;QQHGOMVM_tRNA_0005;;;;;;;;;;;;;;;;;;;;
QQHGOMVM_CDS_0110;QQHGOMVM_CDS_0110;QQHGOMVM_CDS_0100;QQHGOMVM_CDS_0091;;;;;;;;;;;;QQHGOMVM_tRNA_0006;;;;;;;;;;;;;;;;;;;;
QQHGOMVM_CDS_0114;QQHGOMVM_CDS_0114;QQHGOMVM_CDS_0103;QQHGOMVM_CDS_0093;;;;;;;;;;;;;;;;;;;;;;;;;;;;;;;;
QQHGOMVM_CDS_0117;QQHGOMVM_CDS_0117;QQHGOMVM_CDS_0104;QQHGOMVM_CDS_0094;;;;;;;;;;;;;;;;;;;;;;;;;;;;;;;;
QQHGOMVM_CDS_0124;QQHGOMVM_CDS_0124;QQHGOMVM_CDS_0110;QQHGOMVM_CDS_0100;;;;;;;;;;;;;;;;;;;;;;;;;;;;;;;;
;;QQHGOMVM_CDS_0114;QQHGOMVM_CDS_0103;;;;;;;;;;;;;;;;;;;;;;;;;;;;;;;;
;;QQHGOMVM_CDS_0117;QQHGOMVM_CDS_0104;;;;;;;;;;;;;;;;;;;;;;;;;;;;;;;;
;;QQHGOMVM_CDS_0124;QQHGOMVM_CDS_0110;;;;;;;;;;;;;;;;;;;;;;;;;;;;;;;;
;;;QQHGOMVM_CDS_0114;;;;;;;;;;;;;;;;;;;;;;;;;;;;;;;;
;;;QQHGOMVM_CDS_0117;;;;;;;;;;;;;;;;;;;;;;;;;;;;;;;;
;;;QQHGOMVM_CDS_0124;;;;;;;;;;;;;;;;;;;;;;;;;;;;;;;;
